cell,attempts,source_clusters,root_passages,reference_voices,arm_id,metric,estimate,method,lo,hi,n_valid,n_empty,degenerate
B0,14,14,14,11,cosy_base,wer_all_pct,7.276172611251661,source_conditional,4.144860471692799,11.236122217914684,10000,0,False
B0,14,14,14,11,cosy_base,wer_all_pct,7.276172611251661,source_voice_crossed,2.7019351246523375,14.61605575949567,9997,3,False
B0,14,14,14,11,cosy_base,correct_word_recall_pct,92.89303720892538,source_conditional,88.9384926029378,95.95812413138115,10000,0,False
B0,14,14,14,11,cosy_base,correct_word_recall_pct,92.89303720892538,source_voice_crossed,85.54060912923558,97.33976353204241,9997,3,False
B0,14,14,14,11,cosy_short,wer_all_pct,7.652644942733182,source_conditional,4.86886326614268,10.846388858715633,10000,0,False
B0,14,14,14,11,cosy_short,wer_all_pct,7.652644942733182,source_voice_crossed,3.4673180370023733,13.50824063243606,9997,3,False
B0,14,14,14,11,cosy_short,correct_word_recall_pct,92.59866668368356,source_conditional,89.33890529306457,95.45382917901132,10000,0,False
B0,14,14,14,11,cosy_short,correct_word_recall_pct,92.59866668368356,source_voice_crossed,86.64049967448216,96.79848217268867,9997,3,False
B0,14,14,14,11,cosy_long,wer_all_pct,5.2107890353694675,source_conditional,2.7735684363601063,7.961987058637375,10000,0,False
B0,14,14,14,11,cosy_long,wer_all_pct,5.2107890353694675,source_voice_crossed,1.4744388077852923,10.365474190078073,9997,3,False
B0,14,14,14,11,cosy_long,correct_word_recall_pct,95.14404225978434,source_conditional,92.38195585957375,97.5327361492577,10000,0,False
B0,14,14,14,11,cosy_long,correct_word_recall_pct,95.14404225978434,source_voice_crossed,89.87423448311623,98.67066466766616,9997,3,False
B0,14,14,14,11,cosy_long_punct,wer_all_pct,3.566259685479732,source_conditional,2.196442281761224,5.024973618830131,10000,0,False
B0,14,14,14,11,cosy_long_punct,wer_all_pct,3.566259685479732,source_voice_crossed,1.3224492855603853,5.932611911129052,9997,3,False
B0,14,14,14,11,cosy_long_punct,correct_word_recall_pct,96.59889859916532,source_conditional,95.12186611208759,97.95609654335075,10000,0,False
B0,14,14,14,11,cosy_long_punct,correct_word_recall_pct,96.59889859916532,source_voice_crossed,94.16624133128745,98.78439053522824,9997,3,False
B0,14,14,14,11,qwen_base,wer_all_pct,3.8516131779185856,source_conditional,2.04802428215031,6.058366555818181,10000,0,False
B0,14,14,14,11,qwen_base,wer_all_pct,3.8516131779185856,source_voice_crossed,1.0706171820104986,7.907912823499164,9997,3,False
B0,14,14,14,11,qwen_base,correct_word_recall_pct,96.31977434260686,source_conditional,94.26571238376889,98.02912145328061,10000,0,False
B0,14,14,14,11,qwen_base,correct_word_recall_pct,96.31977434260686,source_voice_crossed,92.5848995465535,98.95538367934728,9997,3,False
B0,14,14,14,11,qwen_short,wer_all_pct,10.0301085580874,source_conditional,7.060381376644184,13.519075602681793,10000,0,False
B0,14,14,14,11,qwen_short,wer_all_pct,10.0301085580874,source_voice_crossed,5.213959815007123,15.934894067851529,9997,3,False
B0,14,14,14,11,qwen_short,correct_word_recall_pct,90.504621042918,source_conditional,87.1642946933038,93.35176905035668,10000,0,False
B0,14,14,14,11,qwen_short,correct_word_recall_pct,90.504621042918,source_voice_crossed,84.8751937931831,95.04039606093887,9997,3,False
B0,14,14,14,11,qwen_long,wer_all_pct,8.291080590238336,source_conditional,5.2730691177419535,11.715682966419463,10000,0,False
B0,14,14,14,11,qwen_long,wer_all_pct,8.291080590238336,source_voice_crossed,3.3776662060209617,14.959410621453454,9997,3,False
B0,14,14,14,11,qwen_long,correct_word_recall_pct,91.96684207288538,source_conditional,88.64873991158096,94.90092779882382,10000,0,False
B0,14,14,14,11,qwen_long,correct_word_recall_pct,91.96684207288538,source_voice_crossed,85.5318278646871,96.71768763582297,9997,3,False
B0,14,14,14,11,vox_base,wer_all_pct,12.384622507986917,source_conditional,6.750227539000536,18.69918563587308,10000,0,False
B0,14,14,14,11,vox_base,wer_all_pct,12.384622507986917,source_voice_crossed,3.5802136506193096,22.856601939898486,9997,3,False
B0,14,14,14,11,vox_base,correct_word_recall_pct,87.69747929825282,source_conditional,81.33625505014184,93.37228147053345,10000,0,False
B0,14,14,14,11,vox_base,correct_word_recall_pct,87.69747929825282,source_voice_crossed,77.17037244417112,96.55130493802392,9997,3,False
B0,14,14,14,11,vox_short,wer_all_pct,4.442131700663718,source_conditional,2.2000150516577377,6.9409785960011545,10000,0,False
B0,14,14,14,11,vox_short,wer_all_pct,4.442131700663718,source_voice_crossed,0.7749129695274126,8.596850289739569,9997,3,False
B0,14,14,14,11,vox_short,correct_word_recall_pct,95.72602862536948,source_conditional,93.26185031371347,97.90680876798407,10000,0,False
B0,14,14,14,11,vox_short,correct_word_recall_pct,95.72602862536948,source_voice_crossed,91.62344252494566,99.26861644103023,9997,3,False
B0,14,14,14,11,vox_long,wer_all_pct,3.402397999257498,source_conditional,1.5795107098625352,5.670871367424506,10000,0,False
B0,14,14,14,11,vox_long,wer_all_pct,3.402397999257498,source_voice_crossed,0.7609256148867921,7.583840687362512,9997,3,False
B0,14,14,14,11,vox_long,correct_word_recall_pct,97.04322867691647,source_conditional,94.76446499585296,98.80901247944182,10000,0,False
B0,14,14,14,11,vox_long,correct_word_recall_pct,97.04322867691647,source_voice_crossed,92.84041935122082,99.51690821256038,9997,3,False
B0,14,14,14,11,f5_base,wer_all_pct,45.03961504309734,source_conditional,34.66965844198382,54.700439362318754,10000,0,False
B0,14,14,14,11,f5_base,wer_all_pct,45.03961504309734,source_voice_crossed,25.591097530915878,60.609523122089776,9997,3,False
B0,14,14,14,11,f5_base,correct_word_recall_pct,58.687926202652896,source_conditional,48.9602860158444,68.70081799288121,10000,0,False
B0,14,14,14,11,f5_base,correct_word_recall_pct,58.687926202652896,source_voice_crossed,42.73953194365117,77.56040231693628,9997,3,False
B0,14,14,14,11,f5_short,wer_all_pct,44.195502651981656,source_conditional,34.875877333149695,52.81377102011083,10000,0,False
B0,14,14,14,11,f5_short,wer_all_pct,44.195502651981656,source_voice_crossed,27.037796034372498,58.53065309247606,9997,3,False
B0,14,14,14,11,f5_short,correct_word_recall_pct,61.17445136600977,source_conditional,52.386733346820996,70.2234846891254,10000,0,False
B0,14,14,14,11,f5_short,correct_word_recall_pct,61.17445136600977,source_voice_crossed,45.872801716725476,77.07629661065533,9997,3,False
B0,14,14,14,11,f5_long,wer_all_pct,27.372931526865244,source_conditional,20.949703273627694,34.23114345386459,10000,0,False
B0,14,14,14,11,f5_long,wer_all_pct,27.372931526865244,source_voice_crossed,16.63182764488993,39.93319418083098,9997,3,False
B0,14,14,14,11,f5_long,correct_word_recall_pct,83.28549168491872,source_conditional,76.83041586098693,88.87052384621906,10000,0,False
B0,14,14,14,11,f5_long,correct_word_recall_pct,83.28549168491872,source_voice_crossed,71.40827180670783,91.94873874965072,9997,3,False
B2,14,14,14,11,cosy_base,wer_all_pct,84.75116376899598,source_conditional,77.94766545441065,90.89266472848705,10000,0,False
B2,14,14,14,11,cosy_base,wer_all_pct,84.75116376899598,source_voice_crossed,73.42495604937577,95.1133576481323,9996,4,False
B2,14,14,14,11,cosy_base,correct_word_recall_pct,15.534736851635317,source_conditional,9.293354042180114,22.43721914910096,10000,0,False
B2,14,14,14,11,cosy_base,correct_word_recall_pct,15.534736851635317,source_voice_crossed,4.905607349966962,26.952791335528097,9996,4,False
B2,14,14,14,11,cosy_short,wer_all_pct,82.23057183848398,source_conditional,72.4503001003838,90.27263048581041,10000,0,False
B2,14,14,14,11,cosy_short,wer_all_pct,82.23057183848398,source_voice_crossed,66.44518272425249,93.81946468667186,9996,4,False
B2,14,14,14,11,cosy_short,correct_word_recall_pct,18.668494721867464,source_conditional,10.357095656003398,28.52341107279903,10000,0,False
B2,14,14,14,11,cosy_short,correct_word_recall_pct,18.668494721867464,source_voice_crossed,6.397250729637441,34.268320943483545,9996,4,False
B2,14,14,14,11,cosy_long,wer_all_pct,13.808412187893525,source_conditional,5.7123127135280045,24.09352421307271,10000,0,False
B2,14,14,14,11,cosy_long,wer_all_pct,13.808412187893525,source_voice_crossed,3.4066878497480224,31.138398069477745,9996,4,False
B2,14,14,14,11,cosy_long,correct_word_recall_pct,90.4956949391787,source_conditional,84.5678581764587,95.35229893991658,10000,0,False
B2,14,14,14,11,cosy_long,correct_word_recall_pct,90.4956949391787,source_voice_crossed,79.25578687274776,96.85207538146474,9996,4,False
B2,14,14,14,11,cosy_long_punct,wer_all_pct,5.559049313360329,source_conditional,2.65860489931052,9.811630733919326,10000,0,False
B2,14,14,14,11,cosy_long_punct,wer_all_pct,5.559049313360329,source_voice_crossed,1.9086892878863175,13.441240730116482,9996,4,False
B2,14,14,14,11,cosy_long_punct,correct_word_recall_pct,94.69868467071487,source_conditional,90.4080602858685,97.55911425608416,10000,0,False
B2,14,14,14,11,cosy_long_punct,correct_word_recall_pct,94.69868467071487,source_voice_crossed,86.73921621749793,98.20499906118084,9996,4,False
B2,14,14,14,11,qwen_base,wer_all_pct,5.301584546431228,source_conditional,2.522648416547436,8.648999836021478,10000,0,False
B2,14,14,14,11,qwen_base,wer_all_pct,5.301584546431228,source_voice_crossed,1.5066735137020464,11.768582784954889,9996,4,False
B2,14,14,14,11,qwen_base,correct_word_recall_pct,95.12515544153248,source_conditional,92.01588500745464,97.61989773515238,10000,0,False
B2,14,14,14,11,qwen_base,correct_word_recall_pct,95.12515544153248,source_voice_crossed,89.0500876472301,98.51138218742923,9996,4,False
B2,14,14,14,11,qwen_short,wer_all_pct,49.55282867131673,source_conditional,37.13344953392899,61.32948066987857,10000,0,False
B2,14,14,14,11,qwen_short,wer_all_pct,49.55282867131673,source_voice_crossed,29.18828222301721,67.64393899071763,9996,4,False
B2,14,14,14,11,qwen_short,correct_word_recall_pct,50.73282705915943,source_conditional,38.85628072011482,63.25198496914754,10000,0,False
B2,14,14,14,11,qwen_short,correct_word_recall_pct,50.73282705915943,source_voice_crossed,32.595446733041975,71.25835305673115,9996,4,False
B2,14,14,14,11,qwen_long,wer_all_pct,7.704460575363091,source_conditional,5.627781922398627,9.791078923022452,10000,0,False
B2,14,14,14,11,qwen_long,wer_all_pct,7.704460575363091,source_voice_crossed,4.501608232316324,11.465143697069886,9996,4,False
B2,14,14,14,11,qwen_long,correct_word_recall_pct,92.72062082628463,source_conditional,90.65207461537634,94.74258028782243,10000,0,False
B2,14,14,14,11,qwen_long,correct_word_recall_pct,92.72062082628463,source_voice_crossed,88.95514966926706,95.74910430342237,9996,4,False
B2,14,14,14,11,vox_base,wer_all_pct,14.209598884029651,source_conditional,3.4185763468904056,29.41158413921695,10000,0,False
B2,14,14,14,11,vox_base,wer_all_pct,14.209598884029651,source_voice_crossed,2.641276518438449,41.482100572280615,9996,4,False
B2,14,14,14,11,vox_base,correct_word_recall_pct,86.1003479605715,source_conditional,70.87022806438165,96.92800961245226,10000,0,False
B2,14,14,14,11,vox_base,correct_word_recall_pct,86.1003479605715,source_voice_crossed,58.70198743521894,97.66544702296382,9996,4,False
B2,14,14,14,11,vox_short,wer_all_pct,4.058218796114442,source_conditional,3.194546797082383,4.92269057873675,10000,0,False
B2,14,14,14,11,vox_short,wer_all_pct,4.058218796114442,source_voice_crossed,2.6160281416399576,5.564168515030099,9996,4,False
B2,14,14,14,11,vox_short,correct_word_recall_pct,96.25662124826269,source_conditional,95.38561973428959,97.09641201886912,10000,0,False
B2,14,14,14,11,vox_short,correct_word_recall_pct,96.25662124826269,source_voice_crossed,94.71963127463289,97.62287088757478,9996,4,False
B2,14,14,14,11,vox_long,wer_all_pct,2.4056904727744484,source_conditional,1.843204787937708,3.025559980262697,10000,0,False
B2,14,14,14,11,vox_long,wer_all_pct,2.4056904727744484,source_voice_crossed,1.499954656984232,3.512972113364297,9996,4,False
B2,14,14,14,11,vox_long,correct_word_recall_pct,97.76115691548368,source_conditional,97.17593566267854,98.27789627417928,10000,0,False
B2,14,14,14,11,vox_long,correct_word_recall_pct,97.76115691548368,source_voice_crossed,96.6877379544896,98.59049801399073,9996,4,False
B2,14,14,14,11,f5_base,wer_all_pct,98.71161933199706,source_conditional,97.72465627549803,99.57638106413533,10000,0,False
B2,14,14,14,11,f5_base,wer_all_pct,98.71161933199706,source_voice_crossed,96.80461332197092,99.97330510036116,9996,4,False
B2,14,14,14,11,f5_base,correct_word_recall_pct,1.2883806680029566,source_conditional,0.4236189358646654,2.275343724501969,10000,0,False
B2,14,14,14,11,f5_base,correct_word_recall_pct,1.2883806680029566,source_voice_crossed,0.02669489963884726,3.195386678029075,9996,4,False
B2,14,14,14,11,f5_short,wer_all_pct,97.58557128434096,source_conditional,96.93834924336397,98.26757717825714,10000,0,False
B2,14,14,14,11,f5_short,wer_all_pct,97.58557128434096,source_voice_crossed,96.60323982250274,98.84829522923025,9996,4,False
B2,14,14,14,11,f5_short,correct_word_recall_pct,2.4383178699829764,source_conditional,1.7488510240520014,3.0857426961358243,10000,0,False
B2,14,14,14,11,f5_short,correct_word_recall_pct,2.4383178699829764,source_voice_crossed,1.1600482522189668,3.414053248755449,9996,4,False
B2,14,14,14,11,f5_long,wer_all_pct,81.39992907483172,source_conditional,79.53911753598393,83.18308401099976,10000,0,False
B2,14,14,14,11,f5_long,wer_all_pct,81.39992907483172,source_voice_crossed,78.05099548622101,84.20290156882038,9996,4,False
B2,14,14,14,11,f5_long,correct_word_recall_pct,19.048233603623498,source_conditional,17.229037794918703,20.90059336479552,10000,0,False
B2,14,14,14,11,f5_long,correct_word_recall_pct,19.048233603623498,source_voice_crossed,16.150910947806462,22.293606139487036,9996,4,False
B4,22,22,22,19,cosy_base,wer_all_pct,99.79929307073311,source_conditional,99.68175457417324,99.90093074386917,10000,0,False
B4,22,22,22,19,cosy_base,wer_all_pct,99.79929307073311,source_voice_crossed,99.58655049933971,99.94691940387249,10000,0,False
B4,22,22,22,19,cosy_base,correct_word_recall_pct,0.20070692926689243,source_conditional,0.09906925613083645,0.31824542582676485,10000,0,False
B4,22,22,22,19,cosy_base,correct_word_recall_pct,0.20070692926689243,source_voice_crossed,0.05308059612751483,0.41344950066030206,10000,0,False
B4,22,22,22,19,cosy_short,wer_all_pct,99.94183390723143,source_conditional,99.90691340044724,99.97236704292438,10000,0,False
B4,22,22,22,19,cosy_short,wer_all_pct,99.94183390723143,source_voice_crossed,99.88190313749887,99.98708010335918,10000,0,False
B4,22,22,22,19,cosy_short,correct_word_recall_pct,0.058166092768569946,source_conditional,0.027632957075642752,0.09308659955276172,10000,0,False
B4,22,22,22,19,cosy_short,correct_word_recall_pct,0.058166092768569946,source_voice_crossed,0.012919896640826873,0.11809686250113463,10000,0,False
B4,22,22,22,19,cosy_long,wer_all_pct,47.27609371406925,source_conditional,37.23959819908373,57.71612884691357,10000,0,False
B4,22,22,22,19,cosy_long,wer_all_pct,47.27609371406925,source_voice_crossed,32.28629549898113,65.32510251281987,10000,0,False
B4,22,22,22,19,cosy_long,correct_word_recall_pct,69.47980339489288,source_conditional,57.58371153381723,80.07543270638428,10000,0,False
B4,22,22,22,19,cosy_long,correct_word_recall_pct,69.47980339489288,source_voice_crossed,48.50688844610013,85.64583298486144,10000,0,False
B4,22,22,22,19,cosy_long_punct,wer_all_pct,16.638141720052644,source_conditional,10.527336522137913,23.205485397140965,10000,0,False
B4,22,22,22,19,cosy_long_punct,wer_all_pct,16.638141720052644,source_voice_crossed,6.921894977244908,27.759320358804743,10000,0,False
B4,22,22,22,19,cosy_long_punct,correct_word_recall_pct,85.93506830761693,source_conditional,79.67557355563763,91.7478419570108,10000,0,False
B4,22,22,22,19,cosy_long_punct,correct_word_recall_pct,85.93506830761693,source_voice_crossed,74.72750973331586,94.78806445865892,10000,0,False
B4,22,22,22,19,qwen_base,wer_all_pct,66.8818150970619,source_conditional,62.75844069288264,70.76892062893575,10000,0,False
B4,22,22,22,19,qwen_base,wer_all_pct,66.8818150970619,source_voice_crossed,60.0239796756741,73.1752125878246,10000,0,False
B4,22,22,22,19,qwen_base,correct_word_recall_pct,34.43180247469855,source_conditional,30.05774416206778,39.240561884123395,10000,0,False
B4,22,22,22,19,qwen_base,correct_word_recall_pct,34.43180247469855,source_voice_crossed,27.46309090367447,42.47064555961523,10000,0,False
B4,22,22,22,19,qwen_short,wer_all_pct,87.95567672362216,source_conditional,85.46225173049075,90.29377778712191,10000,0,False
B4,22,22,22,19,qwen_short,wer_all_pct,87.95567672362216,source_voice_crossed,83.57055590476533,91.49481858551559,10000,0,False
B4,22,22,22,19,qwen_short,correct_word_recall_pct,12.180132720670569,source_conditional,9.8171465218555,14.708185481776539,10000,0,False
B4,22,22,22,19,qwen_short,correct_word_recall_pct,12.180132720670569,source_voice_crossed,8.596571352849095,16.62406765170079,10000,0,False
B4,22,22,22,19,qwen_long,wer_all_pct,35.24030097771436,source_conditional,26.977477210784887,43.89489252584929,10000,0,False
B4,22,22,22,19,qwen_long,wer_all_pct,35.24030097771436,source_voice_crossed,21.78957278449262,50.55415564108398,10000,0,False
B4,22,22,22,19,qwen_long,correct_word_recall_pct,67.0656120087916,source_conditional,58.21049428829161,75.3501589247546,10000,0,False
B4,22,22,22,19,qwen_long,correct_word_recall_pct,67.0656120087916,source_voice_crossed,51.13031235111123,80.27684998291734,10000,0,False
B4,22,22,22,19,vox_base,wer_all_pct,94.93154794268179,source_conditional,90.9896997092326,97.98679372187982,10000,0,False
B4,22,22,22,19,vox_base,wer_all_pct,94.93154794268179,source_voice_crossed,87.62112584277656,98.80122127570596,10000,0,False
B4,22,22,22,19,vox_base,correct_word_recall_pct,5.223749626577053,source_conditional,2.050130797090409,9.264664325666315,10000,0,False
B4,22,22,22,19,vox_base,correct_word_recall_pct,5.223749626577053,source_voice_crossed,1.209853005640936,12.69471413955994,10000,0,False
B4,22,22,22,19,vox_short,wer_all_pct,90.52134554174819,source_conditional,86.896522130821,93.92140343586208,10000,0,False
B4,22,22,22,19,vox_short,wer_all_pct,90.52134554174819,source_voice_crossed,84.21880802353427,95.8969855945971,10000,0,False
B4,22,22,22,19,vox_short,correct_word_recall_pct,10.525809734628615,source_conditional,6.534861378371669,15.143703977212454,10000,0,False
B4,22,22,22,19,vox_short,correct_word_recall_pct,10.525809734628615,source_voice_crossed,4.302824672134235,18.677780137918994,10000,0,False
B4,22,22,22,19,vox_long,wer_all_pct,48.97507631543967,source_conditional,40.80583340772102,56.69762302813201,10000,0,False
B4,22,22,22,19,vox_long,wer_all_pct,48.97507631543967,source_voice_crossed,35.59730946357555,61.50676791239459,10000,0,False
B4,22,22,22,19,vox_long,correct_word_recall_pct,54.86618066807778,source_conditional,47.23939283475179,62.72042439647747,10000,0,False
B4,22,22,22,19,vox_long,correct_word_recall_pct,54.86618066807778,source_voice_crossed,41.98079263445879,67.55741284969618,10000,0,False
B4,22,22,22,19,f5_base,wer_all_pct,99.73300228797389,source_conditional,99.66474307336298,99.80156447659564,10000,0,False
B4,22,22,22,19,f5_base,wer_all_pct,99.73300228797389,source_voice_crossed,99.6195786604554,99.84918940838311,10000,0,False
B4,22,22,22,19,f5_base,correct_word_recall_pct,0.2669977120261165,source_conditional,0.1984355234043528,0.3352569266370335,10000,0,False
B4,22,22,22,19,f5_base,correct_word_recall_pct,0.2669977120261165,source_voice_crossed,0.15081059161688057,0.3804213395445903,10000,0,False
B4,22,22,22,19,f5_short,wer_all_pct,99.33500913050203,source_conditional,99.15937186362282,99.4911026166702,10000,0,False
B4,22,22,22,19,f5_short,wer_all_pct,99.33500913050203,source_voice_crossed,99.0150716359952,99.5841730024665,10000,0,False
B4,22,22,22,19,f5_short,correct_word_recall_pct,0.6649908694979633,source_conditional,0.5088973833297865,0.8406281363771625,10000,0,False
B4,22,22,22,19,f5_short,correct_word_recall_pct,0.6649908694979633,source_voice_crossed,0.41582699753350466,0.9849283640047949,10000,0,False
B4,22,22,22,19,f5_long,wer_all_pct,94.69671245766538,source_conditional,94.40103978775029,94.97224790153581,10000,0,False
B4,22,22,22,19,f5_long,wer_all_pct,94.69671245766538,source_voice_crossed,94.15549240853899,95.14949656899789,10000,0,False
B4,22,22,22,19,f5_long,correct_word_recall_pct,5.359512778423878,source_conditional,5.0674726151030915,5.674748465201223,10000,0,False
B4,22,22,22,19,f5_long,correct_word_recall_pct,5.359512778423878,source_voice_crossed,4.883449972958144,5.940450360714226,10000,0,False
ALL,50,22,22,21,cosy_base,wer_all_pct,69.6793431375919,source_conditional,64.64202180755147,75.8411271775452,10000,0,False
ALL,50,22,22,21,cosy_base,wer_all_pct,69.6793431375919,source_voice_crossed,54.36442130824641,84.01253620056502,10000,0,False
ALL,50,22,22,21,cosy_base,correct_word_recall_pct,30.448087785834428,source_conditional,24.268812062254067,35.53681773840452,10000,0,False
ALL,50,22,22,21,cosy_base,correct_word_recall_pct,30.448087785834428,source_voice_crossed,16.0717530505,45.80867781927407,10000,0,False
ALL,50,22,22,21,cosy_short,wer_all_pct,69.14170761792263,source_conditional,63.55734921946741,75.93919612967281,10000,0,False
ALL,50,22,22,21,cosy_short,wer_all_pct,69.14170761792263,source_voice_crossed,53.51019389725521,83.67032060174007,10000,0,False
ALL,50,22,22,21,cosy_short,correct_word_recall_pct,31.180398274372454,source_conditional,24.423861350603556,36.65634029364601,10000,0,False
ALL,50,22,22,21,cosy_short,correct_word_recall_pct,31.180398274372454,source_voice_crossed,16.650228542842548,46.75977840786805,10000,0,False
ALL,50,22,22,21,cosy_long,wer_all_pct,26.12685757670412,source_conditional,20.911420620629887,32.289670539992514,10000,0,False
ALL,50,22,22,21,cosy_long,wer_all_pct,26.12685757670412,source_voice_crossed,17.21981452253092,37.41810596430431,10000,0,False
ALL,50,22,22,21,cosy_long,correct_word_recall_pct,82.55023990946252,source_conditional,76.97156712779575,87.33155114538438,10000,0,False
ALL,50,22,22,21,cosy_long,correct_word_recall_pct,82.55023990946252,source_voice_crossed,72.12504243439318,90.07749071058132,10000,0,False
ALL,50,22,22,21,cosy_long_punct,wer_all_pct,9.87586887649838,source_conditional,6.577497428802962,13.628312527850042,10000,0,False
ALL,50,22,22,21,cosy_long_punct,wer_all_pct,9.87586887649838,source_voice_crossed,4.868070276174255,16.253953663441784,10000,0,False
ALL,50,22,22,21,cosy_long_punct,correct_word_recall_pct,91.37475337091792,source_conditional,87.61362446720597,94.51385883045121,10000,0,False
ALL,50,22,22,21,cosy_long_punct,correct_word_recall_pct,91.37475337091792,source_voice_crossed,84.99224505932949,95.93050640806595,10000,0,False
ALL,50,22,22,21,qwen_base,wer_all_pct,31.99089400552519,source_conditional,28.33891297477406,36.7802697558101,10000,0,False
ALL,50,22,22,21,qwen_base,wer_all_pct,31.99089400552519,source_voice_crossed,23.46204792883515,41.16790324320465,10000,0,False
ALL,50,22,22,21,qwen_base,correct_word_recall_pct,68.7545734284264,source_conditional,63.99371554676651,72.40494190123877,10000,0,False
ALL,50,22,22,21,qwen_base,correct_word_recall_pct,68.7545734284264,source_voice_crossed,59.86283576492156,77.17607372265485,10000,0,False
ALL,50,22,22,21,qwen_short,wer_all_pct,55.383720182626895,source_conditional,49.42196490350977,62.36036322176325,10000,0,False
ALL,50,22,22,21,qwen_short,wer_all_pct,55.383720182626895,source_voice_crossed,43.26331018234319,67.67232244339847,10000,0,False
ALL,50,22,22,21,qwen_short,correct_word_recall_pct,44.905743865676726,source_conditional,37.8838618358088,50.90565508268814,10000,0,False
ALL,50,22,22,21,qwen_short,correct_word_recall_pct,44.905743865676726,source_voice_crossed,32.52331241148164,57.0838242103653,10000,0,False
ALL,50,22,22,21,qwen_long,wer_all_pct,19.984483956562723,source_conditional,16.3441720144676,24.131527761206634,10000,0,False
ALL,50,22,22,21,qwen_long,wer_all_pct,19.984483956562723,source_voice_crossed,13.403581851300654,27.96389409568582,10000,0,False
ALL,50,22,22,21,qwen_long,correct_word_recall_pct,81.22135889563592,source_conditional,77.30448093448926,84.6968292316127,10000,0,False
ALL,50,22,22,21,qwen_long,correct_word_recall_pct,81.22135889563592,source_voice_crossed,73.54364507512031,87.4730807487451,10000,0,False
ALL,50,22,22,21,vox_base,wer_all_pct,49.21626308454463,source_conditional,43.09013533480307,57.06377972281504,10000,0,False
ALL,50,22,22,21,vox_base,wer_all_pct,49.21626308454463,source_voice_crossed,36.767266286471646,63.05083228533962,10000,0,False
ALL,50,22,22,21,vox_base,correct_word_recall_pct,50.9618414681647,source_conditional,43.07716713572501,57.135730530730356,10000,0,False
ALL,50,22,22,21,vox_base,correct_word_recall_pct,50.9618414681647,source_voice_crossed,37.11336587226634,63.474215215171974,10000,0,False
ALL,50,22,22,21,vox_short,wer_all_pct,42.209490177467096,source_conditional,38.17402916335405,47.67967261749131,10000,0,False
ALL,50,22,22,21,vox_short,wer_all_pct,42.209490177467096,source_voice_crossed,31.646497183100006,52.925484138603956,10000,0,False
ALL,50,22,22,21,vox_short,correct_word_recall_pct,58.38649824785358,source_conditional,53.010460112237595,62.37168047762932,10000,0,False
ALL,50,22,22,21,vox_short,correct_word_recall_pct,58.38649824785358,source_voice_crossed,47.87204665138675,68.75168422249622,10000,0,False
ALL,50,22,22,21,vox_long,wer_all_pct,23.175298350962397,source_conditional,20.179734204316972,26.991119749773766,10000,0,False
ALL,50,22,22,21,vox_long,wer_all_pct,23.175298350962397,source_voice_crossed,16.55681322213598,30.54662048333832,10000,0,False
ALL,50,22,22,21,vox_long,correct_word_recall_pct,78.68634745982627,source_conditional,74.62325526971371,81.96828600871578,10000,0,False
ALL,50,22,22,21,vox_long,correct_word_recall_pct,78.68634745982627,source_voice_crossed,71.15511235304203,85.16657680596023,10000,0,False
ALL,50,22,22,21,f5_base,wer_all_pct,84.13286663173493,source_conditional,79.79858494342083,88.58025937258473,10000,0,False
ALL,50,22,22,21,f5_base,wer_all_pct,84.13286663173493,source_voice_crossed,72.26806495392935,93.68700728988807,10000,0,False
ALL,50,22,22,21,f5_base,correct_word_recall_pct,16.91084491707513,source_conditional,12.189907618594232,21.45868789301293,10000,0,False
ALL,50,22,22,21,f5_base,correct_word_recall_pct,16.91084491707513,source_voice_crossed,6.7373528667071705,29.31889737113516,10000,0,False
ALL,50,22,22,21,f5_short,wer_all_pct,83.40610471959123,source_conditional,79.41299162360505,87.74724685114232,10000,0,False
ALL,50,22,22,21,f5_short,wer_all_pct,83.40610471959123,source_voice_crossed,72.22168041756964,92.79678166161982,10000,0,False
ALL,50,22,22,21,f5_short,correct_word_recall_pct,18.10417136865707,source_conditional,13.410663747724294,22.310988642286844,10000,0,False
ALL,50,22,22,21,f5_short,correct_word_recall_pct,18.10417136865707,source_voice_crossed,7.797673776614333,30.28630945177965,10000,0,False
ALL,50,22,22,21,f5_long,wer_all_pct,72.12295444984795,source_conditional,68.27547539344361,76.81127960109185,10000,0,False
ALL,50,22,22,21,f5_long,wer_all_pct,72.12295444984795,source_voice_crossed,60.45679011211735,82.1593842211036,10000,0,False
ALL,50,22,22,21,f5_long,correct_word_recall_pct,31.011628703298342,source_conditional,25.61892282083895,35.35189300732092,10000,0,False
ALL,50,22,22,21,f5_long,correct_word_recall_pct,31.011628703298342,source_voice_crossed,19.312077133391906,44.23617645920668,10000,0,False
B4::new_external_heldout,11,11,11,8,cosy_base,wer_all_pct,99.78816406535843,source_conditional,99.63440692732392,99.92402880290962,10000,0,False
B4::new_external_heldout,11,11,11,8,cosy_base,wer_all_pct,99.78816406535843,source_voice_crossed,99.50137269007249,100.0,9959,41,False
B4::new_external_heldout,11,11,11,8,cosy_base,correct_word_recall_pct,0.21183593464156278,source_conditional,0.07597119709037504,0.3655930726760712,10000,0,False
B4::new_external_heldout,11,11,11,8,cosy_base,correct_word_recall_pct,0.21183593464156278,source_voice_crossed,0.0,0.49862730992749593,9959,41,False
B4::new_external_heldout,11,11,11,8,cosy_short,wer_all_pct,99.92178290571918,source_conditional,99.87210131658215,99.96455839777603,10000,0,False
B4::new_external_heldout,11,11,11,8,cosy_short,wer_all_pct,99.92178290571918,source_voice_crossed,99.84181950684952,99.98959200666111,9959,41,False
B4::new_external_heldout,11,11,11,8,cosy_short,correct_word_recall_pct,0.07821709428083637,source_conditional,0.03544160222398192,0.12789868341785687,10000,0,False
B4::new_external_heldout,11,11,11,8,cosy_short,correct_word_recall_pct,0.07821709428083637,source_voice_crossed,0.010407993338884263,0.1581804931504707,9959,41,False
B4::new_external_heldout,11,11,11,8,cosy_long,wer_all_pct,43.85988441360109,source_conditional,31.290276418755518,58.248688798914635,10000,0,False
B4::new_external_heldout,11,11,11,8,cosy_long,wer_all_pct,43.85988441360109,source_voice_crossed,26.731842032587682,68.75698745852539,9959,41,False
B4::new_external_heldout,11,11,11,8,cosy_long,correct_word_recall_pct,72.15578581433846,source_conditional,60.74708764382407,82.96034289853803,10000,0,False
B4::new_external_heldout,11,11,11,8,cosy_long,correct_word_recall_pct,72.15578581433846,source_voice_crossed,50.88692512317591,88.79583907507275,9959,41,False
B4::new_external_heldout,11,11,11,8,cosy_long_punct,wer_all_pct,22.064536440213214,source_conditional,11.99197853557425,32.27181224205912,10000,0,False
B4::new_external_heldout,11,11,11,8,cosy_long_punct,wer_all_pct,22.064536440213214,source_voice_crossed,5.588196487027921,39.09063366812377,9959,41,False
B4::new_external_heldout,11,11,11,8,cosy_long_punct,correct_word_recall_pct,78.65307734564104,source_conditional,68.5684895936522,88.39737595634129,10000,0,False
B4::new_external_heldout,11,11,11,8,cosy_long_punct,correct_word_recall_pct,78.65307734564104,source_voice_crossed,61.70836726479646,94.58435553525378,9959,41,False
B4::new_external_heldout,11,11,11,8,qwen_base,wer_all_pct,64.1477211343726,source_conditional,57.14279932350596,70.57129616931844,10000,0,False
B4::new_external_heldout,11,11,11,8,qwen_base,wer_all_pct,64.1477211343726,source_voice_crossed,52.10485685319937,74.17580928612425,9959,41,False
B4::new_external_heldout,11,11,11,8,qwen_base,correct_word_recall_pct,37.98542907261152,source_conditional,30.671371303341722,46.192152525373935,10000,0,False
B4::new_external_heldout,11,11,11,8,qwen_base,correct_word_recall_pct,37.98542907261152,source_voice_crossed,26.5935716929654,51.78480352777118,9959,41,False
B4::new_external_heldout,11,11,11,8,qwen_short,wer_all_pct,88.14144174672201,source_conditional,84.50449096233527,91.3233069702531,10000,0,False
B4::new_external_heldout,11,11,11,8,qwen_short,wer_all_pct,88.14144174672201,source_voice_crossed,82.30307884808224,93.13530332125572,9959,41,False
B4::new_external_heldout,11,11,11,8,qwen_short,correct_word_recall_pct,11.985058292342389,source_conditional,8.772134044607721,15.623795928851257,10000,0,False
B4::new_external_heldout,11,11,11,8,qwen_short,correct_word_recall_pct,11.985058292342389,source_voice_crossed,6.952532468943749,17.820748015300744,9959,41,False
B4::new_external_heldout,11,11,11,8,qwen_long,wer_all_pct,26.840448318625775,source_conditional,17.689723588633832,36.233668842958586,10000,0,False
B4::new_external_heldout,11,11,11,8,qwen_long,wer_all_pct,26.840448318625775,source_voice_crossed,11.420796378904358,43.56625780964757,9959,41,False
B4::new_external_heldout,11,11,11,8,qwen_long,correct_word_recall_pct,76.60178278252404,source_conditional,68.33264884615922,84.70588911450382,10000,0,False
B4::new_external_heldout,11,11,11,8,qwen_long,correct_word_recall_pct,76.60178278252404,source_voice_crossed,61.66890691295718,89.7875816993464,9959,41,False
B4::new_external_heldout,11,11,11,8,vox_base,wer_all_pct,95.21586040979372,source_conditional,90.43007577833721,98.90354780134999,10000,0,False
B4::new_external_heldout,11,11,11,8,vox_base,wer_all_pct,95.21586040979372,source_voice_crossed,86.96268829022958,99.35425606771248,9959,41,False
B4::new_external_heldout,11,11,11,8,vox_base,correct_word_recall_pct,5.077684116308948,source_conditional,1.1092917140528773,10.156852376730544,10000,0,False
B4::new_external_heldout,11,11,11,8,vox_base,correct_word_recall_pct,5.077684116308948,source_voice_crossed,0.6484264096035536,13.812369355632372,9959,41,False
B4::new_external_heldout,11,11,11,8,vox_short,wer_all_pct,88.24364105900256,source_conditional,82.56861827235404,93.587757702321,10000,0,False
B4::new_external_heldout,11,11,11,8,vox_short,wer_all_pct,88.24364105900256,source_voice_crossed,78.99539753044195,97.59883326828538,9959,41,False
B4::new_external_heldout,11,11,11,8,vox_short,correct_word_recall_pct,13.410778476494416,source_conditional,6.9413775712383305,21.048470853975818,10000,0,False
B4::new_external_heldout,11,11,11,8,vox_short,correct_word_recall_pct,13.410778476494416,source_voice_crossed,2.5497305099969036,26.42701832856891,9959,41,False
B4::new_external_heldout,11,11,11,8,vox_long,wer_all_pct,44.34898996551837,source_conditional,31.826433071410296,56.63519747683401,10000,0,False
B4::new_external_heldout,11,11,11,8,vox_long,wer_all_pct,44.34898996551837,source_voice_crossed,24.01443546861566,64.89958355175644,9959,41,False
B4::new_external_heldout,11,11,11,8,vox_long,correct_word_recall_pct,60.46353283913486,source_conditional,49.214614908681824,71.47011357421881,10000,0,False
B4::new_external_heldout,11,11,11,8,vox_long,correct_word_recall_pct,60.46353283913486,source_voice_crossed,41.35939238680917,77.71865052010543,9959,41,False
B4::new_external_heldout,11,11,11,8,f5_base,wer_all_pct,99.72446237642413,source_conditional,99.63612216410864,99.81405494523207,10000,0,False
B4::new_external_heldout,11,11,11,8,f5_base,wer_all_pct,99.72446237642413,source_voice_crossed,99.58179951243704,99.86383442265794,9959,41,False
B4::new_external_heldout,11,11,11,8,f5_base,correct_word_recall_pct,0.2755376235758718,source_conditional,0.18594505476794124,0.36387783589134987,10000,0,False
B4::new_external_heldout,11,11,11,8,f5_base,correct_word_recall_pct,0.2755376235758718,source_voice_crossed,0.13616557734204793,0.4182004875629535,9959,41,False
B4::new_external_heldout,11,11,11,8,f5_short,wer_all_pct,99.4214226487125,source_conditional,99.27841997559459,99.56003619196848,10000,0,False
B4::new_external_heldout,11,11,11,8,f5_short,wer_all_pct,99.4214226487125,source_voice_crossed,99.17606866001746,99.65866153578995,9959,41,False
B4::new_external_heldout,11,11,11,8,f5_short,correct_word_recall_pct,0.5785773512875081,source_conditional,0.43996380803152385,0.7215800244054156,10000,0,False
B4::new_external_heldout,11,11,11,8,f5_short,correct_word_recall_pct,0.5785773512875081,source_voice_crossed,0.34133846421004077,0.8239313399825241,9959,41,False
B4::new_external_heldout,11,11,11,8,f5_long,wer_all_pct,94.8082321356268,source_conditional,94.4172242557972,95.17541335476356,10000,0,False
B4::new_external_heldout,11,11,11,8,f5_long,wer_all_pct,94.8082321356268,source_voice_crossed,94.08738898189107,95.42724338389645,9959,41,False
B4::new_external_heldout,11,11,11,8,f5_long,correct_word_recall_pct,5.22287126355078,source_conditional,4.844039971556273,5.624915285392428,10000,0,False
B4::new_external_heldout,11,11,11,8,f5_long,correct_word_recall_pct,5.22287126355078,source_voice_crossed,4.590134657955873,5.972462385265938,9959,41,False
